Time|C1|S1F|S1R|S1|C2|S2F|S2R|S2|C4|S4F|S4R|S4|C8|S8F|S8R|S8
0.01666666666667|120|161.11|169.49|330.60|120|185.95|195.80|381.75|120|217.21|230.43|447.63|120|249.80|269.39|519.19
0.03333333333333|120|160.85|170.13|330.98|120|185.40|196.12|381.52|120|217.36|230.62|447.98|120|249.54|268.49|518.03
0.05000000000000|120|161.48|169.98|331.47|120|186.43|196.34|382.77|120|217.72|230.72|448.43|120|250.77|268.58|519.35
0.06666666666667|120|161.13|169.54|330.68|120|186.51|196.36|382.87|120|218.57|230.30|448.87|120|251.32|268.78|520.10
0.08333333333333|120|161.92|170.03|331.95|120|186.72|196.06|382.78|120|218.49|230.57|449.07|120|251.72|269.31|521.02
0.10000000000000|120|161.63|169.22|330.85|120|187.30|195.66|382.96|120|219.11|230.80|449.91|120|252.12|268.78|520.91
0.11666666666667|120|162.14|169.22|331.37|120|187.03|195.47|382.50|120|219.93|230.72|450.65|120|253.21|269.44|522.65
0.13333333333333|120|162.35|168.90|331.25|120|187.26|196.18|383.44|120|219.18|230.81|449.99|120|253.22|269.23|522.46
0.15000000000000|120|162.59|169.22|331.81|120|187.02|195.56|382.57|120|219.10|230.85|449.95|120|252.96|269.94|522.90
0.16666666666667|120|163.08|169.36|332.44|120|187.46|195.78|383.24|120|220.28|230.66|450.94|120|253.88|269.35|523.23
0.18333333333333|120|162.33|169.41|331.74|120|188.31|195.82|384.12|120|220.49|230.42|450.91|120|253.78|270.27|524.06
0.20000000000000|120|162.71|169.08|331.79|120|188.32|195.62|383.95|120|221.65|230.42|452.07|120|254.68|269.86|524.54
0.21666666666667|120|163.21|169.51|332.72|120|188.26|195.74|384.00|120|221.38|231.21|452.59|120|254.58|269.78|524.37
0.23333333333333|120|162.70|169.07|331.77|120|188.46|195.37|383.83|120|221.35|230.73|452.08|120|255.14|270.52|525.66
0.25000000000000|120|162.67|169.06|331.73|120|188.46|195.84|384.30|120|221.22|231.04|452.26|120|255.83|270.98|526.82
0.26666666666667|120|163.63|169.41|333.04|120|188.81|195.21|384.02|120|222.17|231.16|453.32|120|256.20|270.75|526.95
0.28333333333333|120|163.45|168.98|332.43|120|188.77|195.44|384.21|120|222.36|231.00|453.36|120|256.10|270.51|526.61
0.30000000000000|120|163.25|168.97|332.22|120|189.87|196.06|385.93|120|222.61|230.72|453.33|120|256.31|271.26|527.57
0.31666666666667|120|164.19|169.52|333.71|120|189.43|195.07|384.51|120|222.98|230.72|453.70|120|256.67|270.93|527.60
0.33333333333333|120|163.91|168.87|332.77|120|189.87|195.19|385.06|120|223.97|229.98|453.96|120|257.12|271.01|528.13
0.35000000000000|120|164.50|168.82|333.32|120|189.78|195.63|385.41|120|223.23|230.80|454.03|120|257.51|271.47|528.98
0.36666666666667|120|165.31|169.15|334.46|120|190.08|196.32|386.41|120|223.75|230.12|453.87|120|258.38|270.37|528.75
0.38333333333333|120|164.30|168.97|333.27|120|190.82|195.38|386.20|120|224.57|231.48|456.06|120|258.62|270.50|529.12
0.40000000000000|120|164.33|168.93|333.27|120|190.64|195.42|386.06|120|224.29|230.87|455.16|120|258.88|271.54|530.42
0.41666666666667|120|164.59|169.03|333.62|120|191.12|195.39|386.51|120|224.53|230.93|455.46|120|259.20|271.67|530.87
0.43333333333333|120|165.39|168.73|334.12|120|190.71|195.68|386.39|120|224.88|231.02|455.90|120|259.93|271.57|531.50
0.45000000000000|120|165.47|169.38|334.86|120|191.69|195.46|387.15|120|225.53|230.81|456.34|120|261.15|271.74|532.89
0.46666666666667|120|165.52|168.61|334.12|120|191.45|195.87|387.32|120|224.83|231.28|456.12|120|261.10|272.48|533.58
0.48333333333333|120|165.78|168.55|334.33|120|192.24|194.53|386.77|120|225.54|230.93|456.48|120|262.67|272.06|534.73
0.50000000000000|120|166.04|168.70|334.74|120|192.03|196.10|388.12|120|226.34|231.27|457.61|120|262.57|271.66|534.23
0.51666666666667|120|166.03|168.41|334.44|120|192.45|195.16|387.61|120|226.45|231.43|457.88|120|263.30|272.18|535.48
0.53333333333333|120|166.48|168.78|335.27|120|192.28|195.67|387.95|120|226.50|230.69|457.19|120|263.62|271.97|535.59
0.55000000000000|120|166.35|167.99|334.34|120|193.23|195.19|388.43|120|227.19|231.27|458.46|120|264.46|271.33|535.79
0.56666666666667|120|167.15|168.59|335.74|120|192.43|196.08|388.52|120|226.82|231.51|458.32|120|265.43|273.17|538.59
0.58333333333333|120|166.44|167.87|334.32|120|193.26|195.58|388.84|120|227.56|231.09|458.65|120|266.09|272.41|538.50
0.60000000000000|120|167.01|168.64|335.65|120|193.88|195.14|389.02|120|228.74|231.22|459.97|120|267.20|272.29|539.49
0.61666666666667|120|166.91|168.28|335.18|120|193.79|195.16|388.95|120|228.40|230.97|459.37|120|267.18|273.24|540.42
0.63333333333333|120|167.03|168.35|335.37|120|193.62|195.16|388.78|120|229.23|231.47|460.70|120|268.05|272.87|540.92
0.65000000000000|120|167.16|168.23|335.39|120|194.42|195.60|390.02|120|229.06|231.60|460.66|120|268.30|273.18|541.48
0.66666666666667|120|168.35|168.38|336.73|120|194.42|194.79|389.21|120|229.53|231.29|460.82|120|269.02|273.09|542.11
0.68333333333333|120|167.96|167.53|335.49|120|195.16|195.21|390.37|120|230.64|231.43|462.07|120|269.54|272.72|542.26
0.70000000000000|120|167.93|168.43|336.36|120|195.63|194.82|390.45|120|230.01|231.12|461.12|120|270.19|273.92|544.11
0.71666666666667|120|167.92|167.90|335.82|120|194.53|194.97|389.50|120|231.32|231.78|463.11|120|270.34|273.82|544.16
0.73333333333333|120|168.07|168.05|336.12|120|195.35|194.83|390.18|120|231.27|231.12|462.38|120|270.77|274.07|544.84
0.75000000000000|120|168.67|167.00|335.67|120|195.13|194.89|390.02|120|232.23|231.48|463.72|120|271.61|273.20|544.81
0.76666666666667|120|168.56|167.72|336.28|120|196.03|195.85|391.87|120|231.43|231.99|463.42|120|272.12|273.61|545.73
0.78333333333333|120|168.73|167.44|336.18|120|196.02|195.36|391.37|120|231.82|232.26|464.07|120|273.08|273.83|546.92
0.80000000000000|120|168.75|168.05|336.80|120|196.36|195.68|392.03|120|232.41|231.68|464.08|120|273.04|274.06|547.10
0.81666666666667|120|169.13|168.12|337.25|120|196.01|194.85|390.86|120|233.80|231.78|465.58|120|272.82|274.86|547.68
0.83333333333333|120|169.72|167.62|337.34|120|196.93|194.64|391.57|120|233.30|231.15|464.45|120|274.27|274.32|548.59
0.85000000000000|120|169.72|167.18|336.89|120|196.70|194.75|391.45|120|234.16|232.39|466.55|120|273.95|274.01|547.96
0.86666666666667|120|169.79|167.79|337.58|120|197.56|195.23|392.79|120|233.72|231.95|465.68|120|274.65|274.60|549.25
0.88333333333333|120|170.47|167.67|338.13|120|197.26|195.45|392.71|120|234.09|231.91|466.00|120|274.66|274.12|548.78
0.90000000000000|120|170.51|168.07|338.58|120|198.27|195.25|393.52|120|234.53|232.07|466.60|120|276.51|275.06|551.57
0.91666666666667|120|170.47|167.53|337.99|120|197.45|194.37|391.82|120|235.24|232.57|467.81|120|276.41|274.60|551.01
0.93333333333333|120|170.34|167.32|337.67|120|197.95|195.28|393.23|120|235.07|232.28|467.34|120|275.78|274.83|550.62
0.95000000000000|120|170.31|167.32|337.63|120|198.28|195.08|393.36|120|234.93|232.08|467.01|120|277.81|274.97|552.77
0.96666666666667|120|170.68|167.68|338.37|120|197.97|195.14|393.12|120|235.86|232.02|467.87|120|277.48|275.25|552.73
0.98333333333333|120|170.32|167.42|337.74|120|198.50|195.22|393.73|120|235.25|231.87|467.12|120|277.76|275.26|553.02
1.00000000000000|120|171.37|167.55|338.93|120|198.32|195.34|393.66|120|235.53|232.85|468.37|120|277.63|274.84|552.48
1.01666666666667|120|171.70|167.22|338.93|120|198.01|195.36|393.37|120|236.29|232.57|468.86|120|278.91|275.27|554.17
1.03333333333333|120|171.36|167.55|338.91|120|198.70|195.18|393.88|120|235.38|231.97|467.36|120|277.82|276.27|554.09
1.05000000000000|120|171.01|167.73|338.74|120|199.24|194.98|394.23|120|236.44|232.48|468.93|120|279.48|275.19|554.67
1.06666666666667|120|171.45|167.29|338.74|120|199.12|195.69|394.81|120|236.31|232.82|469.12|120|280.02|276.48|556.50
1.08333333333333|120|171.72|167.68|339.40|120|199.54|195.32|394.86|120|237.65|232.94|470.59|120|280.04|275.22|555.26
1.10000000000000|120|171.08|167.06|338.14|120|199.69|196.24|395.93|120|236.86|232.62|469.48|120|281.19|276.63|557.83
1.11666666666667|120|171.15|167.90|339.05|120|199.55|195.78|395.33|120|237.95|233.75|471.70|120|280.32|276.02|556.33
1.13333333333333|120|171.65|167.69|339.34|120|199.68|196.07|395.76|120|236.95|233.43|470.37|120|280.63|275.70|556.33
1.15000000000000|120|171.31|168.12|339.43|120|199.90|195.44|395.34|120|237.57|233.01|470.57|120|281.93|277.67|559.60
1.16666666666667|120|170.87|168.50|339.37|120|199.16|195.60|394.76|120|238.11|234.18|472.28|120|282.48|277.12|559.60
1.18333333333333|120|171.25|168.78|340.03|120|199.81|196.03|395.83|120|237.45|233.67|471.12|120|282.73|276.84|559.58
1.20000000000000|120|170.91|167.62|338.53|120|199.13|195.78|394.92|120|237.70|233.51|471.21|120|282.92|277.93|560.85
1.21666666666667|120|171.14|168.12|339.27|120|199.37|196.37|395.73|120|238.02|234.33|472.35|120|283.02|278.12|561.14
1.23333333333333|120|171.63|168.12|339.75|120|199.12|196.58|395.70|120|237.49|234.41|471.90|120|284.12|277.68|561.81
1.25000000000000|120|171.58|168.49|340.07|120|199.42|196.27|395.68|120|237.82|234.55|472.37|120|284.61|278.07|562.68
1.26666666666667|120|171.71|168.21|339.92|120|200.19|196.55|396.74|120|238.06|234.86|472.92|120|283.44|277.96|561.40
1.28333333333333|120|171.93|168.71|340.63|120|199.97|196.56|396.53|120|238.08|235.50|473.58|120|283.53|278.71|562.24
1.30000000000000|120|171.02|168.72|339.74|120|199.18|196.97|396.16|120|238.08|235.84|473.93|120|284.56|278.75|563.31
1.31666666666667|120|171.51|168.81|340.32|120|199.77|196.89|396.66|120|237.87|235.49|473.37|120|284.07|279.24|563.32
1.33333333333333|120|171.32|168.73|340.06|120|199.78|197.40|397.18|120|238.03|235.86|473.89|120|285.11|279.73|564.83
1.35000000000000|120|171.61|169.13|340.74|120|200.13|197.26|397.39|120|238.18|235.61|473.78|120|285.07|280.32|565.39
1.36666666666667|120|171.50|169.49|340.99|120|199.64|197.72|397.36|120|237.62|235.34|472.97|120|284.73|279.79|564.52
1.38333333333333|120|170.73|168.49|339.23|120|199.18|198.05|397.23|120|238.40|235.53|473.93|120|284.12|280.98|565.11
1.40000000000000|120|171.88|169.65|341.53|120|199.07|198.13|397.21|120|238.10|235.76|473.86|120|284.72|280.77|565.48
1.41666666666667|120|170.74|169.91|340.65|120|199.90|197.72|397.62|120|237.61|236.69|474.30|120|286.43|281.44|567.87
1.43333333333333|120|170.60|169.52|340.12|120|199.45|198.21|397.66|120|238.41|236.22|474.63|120|284.35|281.98|566.33
1.45000000000000|120|170.61|169.55|340.16|120|199.70|198.66|398.36|120|238.03|236.84|474.87|120|285.77|283.44|569.22
1.46666666666667|120|170.53|170.33|340.86|120|199.01|198.09|397.10|120|237.90|237.10|475.00|120|285.45|282.98|568.42
1.48333333333333|120|169.90|169.89|339.79|120|199.00|198.47|397.47|120|239.12|236.72|475.84|120|285.02|283.24|568.26
1.50000000000000|120|170.46|169.75|340.21|120|199.07|199.09|398.16|120|237.74|237.71|475.45|120|285.72|281.83|567.55
1.51666666666667|120|170.25|170.62|340.87|120|198.85|198.37|397.22|120|237.73|237.29|475.02|120|285.88|283.18|569.07
1.53333333333333|120|171.08|170.68|341.76|120|198.45|199.49|397.94|120|237.69|237.81|475.50|120|284.75|283.59|568.34
1.55000000000000|120|169.95|170.72|340.68|120|197.66|198.73|396.39|120|237.32|238.04|475.36|120|284.18|285.72|569.89
1.56666666666667|120|170.14|171.25|341.39|120|198.57|199.28|397.85|120|237.49|237.71|475.20|120|284.87|284.17|569.04
1.58333333333333|120|169.74|171.67|341.41|120|198.41|199.72|398.12|120|237.65|238.26|475.91|120|284.00|284.31|568.31
1.60000000000000|120|169.54|171.33|340.87|120|198.23|199.86|398.09|120|236.76|238.68|475.43|120|284.37|285.52|569.89
1.61666666666667|120|169.28|171.91|341.19|120|198.55|200.10|398.65|120|236.95|238.48|475.43|120|284.14|287.30|571.44
1.63333333333333|120|170.04|171.28|341.32|120|198.68|199.43|398.10|120|236.37|238.20|474.57|120|284.36|287.21|571.57
1.65000000000000|120|169.37|171.82|341.19|120|198.13|200.20|398.33|120|237.02|238.78|475.79|120|283.82|287.77|571.59
1.66666666666667|120|170.00|171.76|341.76|120|197.94|201.03|398.98|120|236.97|239.18|476.15|120|284.29|287.62|571.91
1.68333333333333|120|169.47|171.87|341.34|120|197.55|200.62|398.17|120|236.86|239.38|476.24|120|284.25|286.33|570.58
1.70000000000000|120|168.93|171.73|340.66|120|197.53|200.87|398.40|120|237.22|239.53|476.75|120|285.25|287.70|572.95
1.71666666666667|120|168.59|172.17|340.76|120|197.49|200.67|398.16|120|237.09|239.14|476.23|120|284.68|287.96|572.63
1.73333333333333|120|169.03|171.82|340.85|120|197.69|201.36|399.05|120|236.07|239.25|475.32|120|285.16|290.16|575.32
1.75000000000000|120|168.66|171.97|340.62|120|197.99|201.16|399.15|120|236.72|239.42|476.13|120|284.53|290.07|574.61
1.76666666666667|120|169.05|172.56|341.61|120|197.00|201.37|398.37|120|236.74|239.84|476.58|120|283.45|288.77|572.22
1.78333333333333|120|168.82|173.22|342.04|120|196.71|202.34|399.05|120|235.78|240.07|475.86|120|282.28|289.27|571.55
1.80000000000000|120|168.47|173.08|341.55|120|196.72|201.61|398.33|120|235.97|240.06|476.02|120|283.30|290.71|574.01
1.81666666666667|120|168.33|173.68|342.01|120|196.68|202.63|399.31|120|236.61|240.65|477.26|120|282.20|291.40|573.60
1.83333333333333|120|167.95|173.64|341.59|120|197.52|202.26|399.77|120|236.20|241.14|477.34|120|283.73|291.11|574.83
1.85000000000000|120|167.98|174.19|342.18|120|196.45|202.80|399.25|120|236.16|240.57|476.73|120|282.74|292.68|575.42
1.86666666666667|120|168.01|173.71|341.72|120|197.15|202.72|399.87|120|236.45|241.22|477.68|120|282.90|293.00|575.90
1.88333333333333|120|167.56|173.80|341.36|120|197.02|202.71|399.73|120|235.75|241.55|477.30|120|282.54|293.11|575.65
1.90000000000000|120|168.41|174.40|342.81|120|195.96|203.43|399.39|120|235.28|241.72|477.01|120|281.93|292.91|574.83
1.91666666666667|120|167.26|174.17|341.43|120|196.10|203.39|399.49|120|235.52|241.32|476.84|120|282.65|292.60|575.25
1.93333333333333|120|167.79|175.32|343.12|120|196.50|203.80|400.30|120|235.32|242.12|477.44|120|283.64|292.85|576.49
1.95000000000000|120|167.04|175.27|342.31|120|196.18|203.72|399.90|120|236.02|242.56|478.57|120|281.37|293.93|575.29
1.96666666666667|120|167.55|174.74|342.29|120|195.93|204.07|400.00|120|235.47|242.80|478.27|120|281.56|293.49|575.05
1.98333333333333|120|166.84|174.96|341.80|120|196.11|204.09|400.20|120|234.91|242.47|477.37|120|281.68|293.98|575.66
2.00000000000000|120|166.54|175.57|342.11|120|195.18|204.68|399.86|120|235.15|242.62|477.77|120|280.77|295.03|575.80
2.01666666666667|120|166.75|175.55|342.30|120|195.45|204.57|400.02|120|235.18|242.58|477.76|120|280.90|295.27|576.17
2.03333333333333|120|166.57|175.54|342.11|120|195.37|204.91|400.28|120|234.75|243.61|478.36|120|280.72|294.35|575.07
2.05000000000000|120|166.45|175.63|342.08|120|195.34|205.11|400.45|120|235.03|243.46|478.48|120|279.98|294.82|574.80
2.06666666666667|120|166.84|176.14|342.98|120|195.92|205.29|401.21|120|234.42|243.17|477.58|120|280.82|294.12|574.94
2.08333333333333|120|166.76|175.74|342.50|120|195.30|205.09|400.39|120|234.42|244.61|479.02|120|279.90|295.18|575.08
2.10000000000000|120|166.62|177.12|343.74|120|195.12|205.18|400.31|120|234.70|243.12|477.82|120|280.01|294.77|574.77
2.11666666666667|120|166.54|176.43|342.98|120|195.24|205.17|400.41|120|234.71|243.54|478.25|120|279.26|295.70|574.96
2.13333333333333|120|166.15|175.81|341.96|120|195.03|205.37|400.40|120|234.27|243.82|478.09|120|279.42|295.33|574.75
2.15000000000000|120|166.39|176.08|342.48|120|195.07|205.82|400.89|120|234.25|243.32|477.57|120|280.01|295.02|575.03
2.16666666666667|120|166.37|177.44|343.81|120|194.70|204.82|399.52|120|233.20|243.97|477.17|120|280.45|295.54|575.99
2.18333333333333|120|165.91|176.57|342.48|120|195.01|206.22|401.23|120|234.52|244.41|478.93|120|279.65|295.39|575.04
2.20000000000000|120|166.31|176.97|343.27|120|194.90|205.53|400.43|120|234.35|244.57|478.92|120|280.92|295.08|576.00
2.21666666666667|120|166.16|176.82|342.98|120|194.89|205.88|400.77|120|234.38|244.57|478.95|120|280.60|295.09|575.69
2.23333333333333|120|165.68|176.46|342.14|120|194.33|206.19|400.52|120|234.23|244.32|478.56|120|280.87|295.21|576.08
2.25000000000000|120|165.79|177.20|342.99|120|195.39|207.28|402.68|120|233.50|244.58|478.08|120|280.17|295.21|575.37
2.26666666666667|120|165.85|177.11|342.96|120|194.63|205.92|400.55|120|234.47|244.42|478.89|120|279.45|295.70|575.15
2.28333333333333|120|166.03|177.47|343.49|120|194.59|206.92|401.51|120|233.56|245.21|478.77|120|280.57|295.61|576.17
2.30000000000000|120|165.80|177.67|343.47|120|194.26|206.82|401.07|120|234.18|244.84|479.02|120|281.20|295.99|577.19
2.31666666666667|120|165.85|177.54|343.39|120|193.67|207.93|401.59|120|234.16|244.67|478.82|120|280.25|295.39|575.64
2.33333333333333|120|165.81|177.59|343.40|120|194.18|206.57|400.75|120|234.08|244.57|478.66|120|280.42|295.72|576.13
2.35000000000000|120|165.33|177.32|342.66|120|194.30|207.10|401.40|120|233.88|245.12|479.00|120|281.32|295.62|576.95
2.36666666666667|120|165.76|177.58|343.34|120|193.78|207.22|401.01|120|233.93|245.81|479.73|120|280.43|296.07|576.49
2.38333333333333|120|166.06|178.59|344.65|120|194.53|207.51|402.03|120|233.66|245.96|479.62|120|279.77|295.85|575.62
2.40000000000000|120|165.34|177.74|343.08|120|194.12|207.43|401.55|120|234.13|246.05|480.18|120|279.38|296.11|575.49
2.41666666666667|120|165.62|177.89|343.51|120|194.75|207.49|402.24|120|234.02|245.32|479.34|120|279.73|296.73|576.45
2.43333333333333|120|165.32|177.72|343.03|120|193.97|207.13|401.11|120|234.06|246.32|480.37|120|281.42|296.11|577.52
2.45000000000000|120|165.53|178.93|344.45|120|194.19|207.73|401.93|120|233.54|246.42|479.96|120|280.75|296.42|577.17
2.46666666666667|120|165.54|178.62|344.17|120|193.97|208.01|401.98|120|234.28|246.28|480.57|120|280.18|296.84|577.02
2.48333333333333|120|165.29|178.58|343.87|120|193.87|208.15|402.02|120|234.15|246.17|480.32|120|280.93|296.96|577.88
2.50000000000000|120|165.37|178.05|343.43|120|194.77|208.37|403.14|120|233.50|246.62|480.12|120|280.33|297.30|577.63
2.51666666666667|120|165.25|178.66|343.91|120|194.29|208.91|403.20|120|233.78|246.90|480.68|120|279.65|296.72|576.37
2.53333333333333|120|164.61|178.18|342.78|120|193.82|208.14|401.96|120|233.67|247.39|481.06|120|281.23|297.09|578.33
2.55000000000000|120|165.05|178.57|343.62|120|193.82|208.20|402.02|120|234.00|246.87|480.87|120|280.13|297.04|577.17
2.56666666666667|120|165.17|179.09|344.26|120|193.94|208.21|402.15|120|234.10|247.19|481.29|120|279.82|297.05|576.87
2.58333333333333|120|165.42|178.63|344.05|120|194.01|208.70|402.71|120|233.75|247.59|481.34|120|280.92|296.87|577.78
2.60000000000000|120|165.06|179.09|344.15|120|194.05|209.34|403.39|120|233.93|248.37|482.31|120|281.64|297.21|578.85
2.61666666666667|120|164.73|179.56|344.29|120|194.48|209.17|403.65|120|234.49|247.45|481.94|120|281.68|296.99|578.67
2.63333333333333|120|164.95|179.74|344.69|120|194.07|209.94|404.01|120|233.88|247.62|481.50|120|282.00|297.80|579.80
2.65000000000000|120|164.85|179.83|344.68|120|194.40|209.08|403.48|120|233.95|248.05|482.00|120|280.75|297.34|578.09
2.66666666666667|120|165.05|179.59|344.64|120|194.08|208.81|402.89|120|233.86|248.00|481.86|120|281.74|296.89|578.63
2.68333333333333|120|164.92|179.88|344.80|120|194.81|209.20|404.01|120|233.67|248.62|482.29|120|281.66|297.43|579.08
2.70000000000000|120|165.35|179.68|345.02|120|194.17|210.12|404.28|120|234.59|248.47|483.06|120|281.93|297.68|579.61
2.71666666666667|120|164.35|179.61|343.96|120|194.59|210.16|404.75|120|234.56|249.10|483.66|120|282.20|297.90|580.10
2.73333333333333|120|165.33|179.43|344.76|120|194.19|210.62|404.82|120|234.79|249.20|483.99|120|282.57|298.37|580.94
2.75000000000000|120|165.37|180.57|345.94|120|194.72|210.57|405.30|120|234.36|249.45|483.81|120|281.52|298.43|579.94
2.76666666666667|120|165.44|179.99|345.43|120|194.28|210.24|404.52|120|235.03|249.53|484.57|120|283.01|297.91|580.92
2.78333333333333|120|165.32|180.30|345.62|120|194.32|210.29|404.61|120|234.73|249.43|484.17|120|283.72|297.73|581.44
2.80000000000000|120|165.47|180.97|346.44|120|194.82|210.57|405.39|120|234.95|250.01|484.96|120|284.86|298.05|582.91
2.81666666666667|120|164.87|180.64|345.51|120|194.70|210.95|405.65|120|234.53|250.07|484.60|120|283.48|298.03|581.52
2.83333333333333|120|165.14|180.61|345.75|120|194.18|210.93|405.12|120|235.25|250.68|485.93|120|284.66|299.19|583.85
2.85000000000000|120|165.43|180.83|346.26|120|194.51|210.98|405.49|120|235.02|250.87|485.89|120|285.18|298.72|583.89
2.86666666666667|120|165.35|180.98|346.33|120|195.62|211.98|407.60|120|235.05|251.32|486.37|120|284.87|299.09|583.96
2.88333333333333|120|165.44|180.82|346.26|120|195.37|211.79|407.16|120|235.72|250.77|486.48|120|285.35|298.93|584.27
2.90000000000000|120|165.43|181.46|346.88|120|195.26|212.26|407.52|120|235.70|251.04|486.74|120|288.40|298.78|587.18
2.91666666666667|120|165.43|181.15|346.57|120|195.03|211.74|406.77|120|236.32|251.59|487.92|120|287.22|299.73|586.94
2.93333333333333|120|165.78|181.87|347.64|120|195.13|212.43|407.57|120|235.92|252.07|487.99|120|287.98|299.66|587.64
2.95000000000000|120|165.81|180.89|346.70|120|196.08|212.60|408.68|120|236.76|252.63|489.39|120|287.68|299.97|587.65
2.96666666666667|120|165.45|182.31|347.76|120|195.43|213.49|408.93|120|236.43|252.37|488.80|120|287.60|299.98|587.58
2.98333333333333|120|165.73|182.97|348.70|120|195.61|212.93|408.53|120|236.76|252.14|488.90|120|289.48|300.21|589.69
3.00000000000000|120|165.68|182.36|348.03|120|195.70|212.82|408.52|120|236.63|252.66|489.29|120|288.96|301.23|590.19
3.01666666666667|120|165.86|182.18|348.03|120|195.30|213.75|409.05|120|236.96|252.57|489.52|120|288.55|300.57|589.12
3.03333333333333|120|166.15|182.56|348.71|120|196.27|214.42|410.68|120|237.33|253.54|490.87|120|289.87|301.64|591.52
3.05000000000000|120|165.88|183.30|349.18|120|195.78|214.25|410.03|120|237.57|253.91|491.48|120|289.75|302.02|591.77
3.06666666666667|120|165.66|183.27|348.93|120|196.79|214.81|411.60|120|237.07|254.87|491.94|120|290.68|301.31|591.98
3.08333333333333|120|166.31|183.28|349.59|120|196.31|215.14|411.45|120|237.37|253.92|491.28|120|292.05|301.69|593.74
3.10000000000000|120|166.09|183.89|349.98|120|196.11|215.19|411.30|120|237.98|254.71|492.69|120|291.78|302.27|594.05
3.11666666666667|120|166.14|184.06|350.20|120|196.62|215.22|411.83|120|238.43|255.33|493.77|120|292.12|302.93|595.05
3.13333333333333|120|167.07|183.53|350.60|120|197.17|216.86|414.02|120|238.08|254.93|493.02|120|293.48|303.75|597.23
3.15000000000000|120|167.03|184.36|351.38|120|197.77|217.41|415.18|120|239.13|255.20|494.33|120|293.56|304.01|597.57
3.16666666666667|120|167.23|184.66|351.89|120|197.83|216.78|414.61|120|239.14|255.14|494.28|120|292.75|304.48|597.23
3.18333333333333|120|166.82|184.60|351.42|120|197.69|217.53|415.22|120|239.71|255.53|495.23|120|294.83|304.98|599.82
3.20000000000000|120|167.30|185.22|352.52|120|197.91|218.42|416.32|120|239.47|256.02|495.49|120|295.48|305.02|600.50
3.21666666666667|120|167.69|185.20|352.89|120|198.39|217.71|416.10|120|240.05|256.03|496.08|120|295.13|305.98|601.11
3.23333333333333|120|168.31|185.14|353.45|120|199.02|218.43|417.44|120|240.01|256.50|496.51|120|295.21|306.26|601.47
3.25000000000000|120|168.56|186.01|354.57|120|198.86|219.86|418.72|120|241.58|257.77|499.35|120|295.70|307.33|603.03
3.26666666666667|120|168.20|185.72|353.92|120|199.17|219.55|418.72|120|241.37|257.25|498.62|120|296.00|307.49|603.49
3.28333333333333|120|168.69|186.03|354.72|120|199.92|220.43|420.35|120|242.28|257.80|500.08|120|296.17|308.20|604.37
3.30000000000000|120|168.99|186.76|355.75|120|200.43|220.65|421.08|120|242.55|258.22|500.77|120|296.26|308.31|604.57
3.31666666666667|120|169.81|187.03|356.83|120|200.62|220.16|420.78|120|243.74|258.67|502.41|120|296.84|309.24|606.08
3.33333333333333|120|169.67|186.87|356.53|120|201.37|220.87|422.24|120|243.16|259.62|502.77|120|296.57|310.64|607.21
3.35000000000000|120|169.62|187.78|357.39|120|201.65|222.12|423.77|120|243.60|259.76|503.36|120|297.39|310.93|608.32
3.36666666666667|120|170.72|187.41|358.12|120|202.37|221.57|423.95|120|244.95|259.67|504.62|120|297.34|311.46|608.80
3.38333333333333|120|170.41|187.69|358.10|120|203.17|222.84|426.01|120|245.79|260.72|506.51|120|297.04|312.52|609.57
3.40000000000000|120|170.82|188.32|359.14|120|203.86|222.30|426.16|120|246.75|261.61|508.36|120|298.39|313.18|611.57
3.41666666666667|120|171.82|188.53|360.35|120|203.57|222.49|426.07|120|247.38|261.19|508.57|120|297.74|313.63|611.37
3.43333333333333|120|172.21|188.85|361.06|120|204.12|223.56|427.68|120|247.87|262.43|510.30|120|299.17|313.80|612.97
3.45000000000000|120|172.37|189.28|361.65|120|205.91|224.15|430.06|120|248.68|262.86|511.54|120|299.78|314.63|614.42
3.46666666666667|120|173.11|189.42|362.52|120|206.37|223.81|430.18|120|249.19|263.54|512.73|120|300.67|315.21|615.87
3.48333333333333|120|173.24|189.84|363.08|120|206.26|224.72|430.98|120|250.45|265.47|515.92|120|301.15|316.08|617.23
3.50000000000000|120|173.81|190.61|364.42|120|207.79|224.60|432.39|120|251.07|264.77|515.84|120|302.23|316.06|618.28
3.51666666666667|120|174.57|190.81|365.37|120|208.37|225.47|433.84|120|252.01|266.12|518.13|120|302.88|316.75|619.63
3.53333333333333|120|175.18|190.91|366.09|120|209.46|226.05|435.51|120|253.28|266.64|519.92|120|303.87|317.56|621.43
3.55000000000000|120|175.58|191.37|366.96|120|209.18|225.62|434.80|120|253.19|267.41|520.60|120|304.18|318.40|622.58
3.56666666666667|120|176.45|191.60|368.05|120|210.45|226.89|437.34|120|254.25|268.73|522.98|120|305.19|319.12|624.31
3.58333333333333|120|177.02|192.42|369.43|120|211.88|226.91|438.79|120|254.15|268.68|522.83|120|306.31|319.85|626.16
3.60000000000000|120|177.16|192.41|369.57|120|212.14|227.68|439.82|120|255.73|269.43|525.17|120|307.41|321.12|628.52
3.61666666666667|120|177.80|192.28|370.07|120|212.25|228.50|440.75|120|256.17|269.99|526.16|120|308.96|321.33|630.29
3.63333333333333|120|179.26|192.58|371.84|120|214.97|228.62|443.59|120|256.77|270.77|527.53|120|310.23|322.07|632.30
3.65000000000000|120|179.37|193.36|372.73|120|215.78|229.37|445.16|120|257.32|272.10|529.42|120|311.04|322.73|633.77
3.66666666666667|120|180.73|194.04|374.77|120|217.03|230.07|447.10|120|257.38|271.97|529.35|120|312.37|323.16|635.53
3.68333333333333|120|180.90|194.18|375.07|120|217.54|230.68|448.22|120|258.79|273.20|531.99|120|313.19|324.58|637.77
3.70000000000000|120|182.25|195.03|377.28|120|218.89|230.95|449.84|120|259.77|273.45|533.23|120|313.01|324.94|637.95
3.71666666666667|120|182.62|195.03|377.66|120|219.04|232.31|451.35|120|260.50|274.01|534.51|120|314.05|326.29|640.34
3.73333333333333|120|182.89|195.42|378.31|120|221.57|232.61|454.18|120|262.05|275.15|537.20|120|315.68|327.60|643.27
3.75000000000000|120|183.77|195.59|379.36|120|221.34|233.28|454.62|120|262.98|275.18|538.17|120|317.02|327.69|644.71
3.76666666666667|120|184.00|196.21|380.21|120|222.15|233.22|455.37|120|264.14|276.51|540.65|120|317.22|328.62|645.84
3.78333333333333|120|184.90|196.09|380.99|120|222.90|234.54|457.44|120|265.47|276.81|542.27|120|318.54|328.43|646.98
3.80000000000000|120|185.53|197.08|382.62|120|223.25|235.04|458.29|120|265.73|277.90|543.62|120|319.10|330.14|649.24
3.81666666666667|120|185.29|197.60|382.89|120|223.96|236.06|460.02|120|266.65|279.22|545.87|120|320.25|331.17|651.42
3.83333333333333|120|186.11|197.71|383.82|120|224.27|235.96|460.23|120|268.23|279.42|547.64|120|321.31|332.01|653.32
3.85000000000000|120|187.55|197.46|385.01|120|224.93|236.80|461.73|120|268.90|280.32|549.23|120|322.28|331.78|654.07
3.86666666666667|120|187.00|197.73|384.73|120|225.57|237.56|463.12|120|270.84|282.00|552.84|120|323.55|333.18|656.73
3.88333333333333|120|188.28|198.29|386.57|120|226.37|237.57|463.93|120|270.87|282.39|553.26|120|324.45|334.21|658.66
3.90000000000000|120|188.41|198.88|387.29|120|227.09|238.15|465.24|120|271.68|284.00|555.68|120|325.23|335.20|660.43
3.91666666666667|120|189.22|198.78|388.01|120|227.52|238.57|466.08|120|271.61|284.41|556.02|120|325.48|335.87|661.35
3.93333333333333|120|189.87|200.12|389.99|120|228.45|239.35|467.80|120|272.98|285.73|558.71|120|326.43|336.45|662.88
3.95000000000000|120|190.59|200.32|390.92|120|228.90|238.73|467.63|120|273.87|287.87|561.75|120|327.62|337.22|664.84
3.96666666666667|120|191.37|199.72|391.08|120|228.59|239.19|467.78|120|274.13|289.24|563.37|120|328.80|337.87|666.67
3.98333333333333|120|191.55|200.34|391.89|120|230.72|239.94|470.66|120|275.49|288.90|564.39|120|329.62|338.97|668.59
4.00000000000000|120|191.25|200.62|391.87|120|231.13|240.32|471.46|120|276.02|291.15|567.17|120|329.98|339.96|669.94
4.01666666666667|120|192.37|200.81|393.18|120|231.48|240.51|471.99|120|277.35|291.24|568.59|120|330.95|339.34|670.29
4.03333333333333|120|192.49|201.22|393.71|120|232.01|241.11|473.12|120|278.19|291.10|569.29|120|332.53|340.55|673.08
4.05000000000000|120|193.63|201.58|395.22|120|232.84|240.61|473.45|120|278.57|291.89|570.47|120|332.85|341.65|674.50
4.06666666666667|120|193.39|202.11|395.50|120|233.99|241.81|475.80|120|279.70|294.85|574.55|120|333.36|341.87|675.23
4.08333333333333|120|193.99|202.96|396.95|120|234.11|242.32|476.43|120|281.11|294.20|575.31|120|334.70|342.86|677.56
4.10000000000000|120|194.00|201.85|395.85|120|235.03|242.01|477.03|120|281.59|294.75|576.34|120|335.82|343.45|679.27
4.11666666666667|120|194.46|202.06|396.52|120|236.02|242.35|478.37|120|282.23|294.96|577.19|120|336.79|344.24|681.03
4.13333333333333|120|194.77|202.92|397.68|120|236.42|243.04|479.46|120|284.03|295.48|579.51|120|337.66|344.09|681.75
4.15000000000000|120|196.12|203.53|399.65|120|237.20|243.42|480.62|120|285.88|295.64|581.52|120|338.41|344.57|682.98
4.16666666666667|120|196.07|203.52|399.58|120|237.37|243.06|480.43|120|286.71|295.35|582.06|120|338.32|345.10|683.42
4.18333333333333|120|196.46|203.57|400.02|120|236.91|244.14|481.05|120|288.07|296.31|584.38|120|339.49|345.79|685.28
4.20000000000000|120|197.28|203.97|401.26|120|238.06|244.35|482.41|120|290.19|296.36|586.55|120|340.25|345.48|685.73
4.21666666666667|120|196.95|204.27|401.22|120|238.55|244.93|483.48|120|291.62|296.81|588.42|120|341.57|346.27|687.84
4.23333333333333|120|197.38|204.87|402.25|120|239.18|245.53|484.72|120|293.03|296.92|589.95|120|342.91|347.56|690.47
4.25000000000000|120|197.92|204.60|402.52|120|239.39|246.00|485.39|120|291.75|296.43|588.18|120|342.18|347.45|689.63
4.26666666666667|120|198.03|204.65|402.68|120|239.50|246.57|486.07|120|294.65|297.02|591.67|120|343.13|347.81|690.94
4.28333333333333|120|198.25|204.67|402.92|120|240.87|246.56|487.43|120|294.67|297.68|592.35|120|344.35|348.69|693.04
4.30000000000000|120|199.27|204.89|404.16|120|240.62|246.37|486.99|120|294.44|297.15|591.59|120|344.22|348.27|692.49
4.31666666666667|120|199.12|205.40|404.52|120|240.93|246.77|487.70|120|295.08|297.93|593.02|120|344.80|349.63|694.43
4.33333333333333|120|199.40|205.22|404.62|120|241.18|246.39|487.57|120|296.02|297.66|593.68|120|346.14|349.76|695.90
4.35000000000000|120|200.30|205.88|406.18|120|242.18|247.80|489.98|120|295.99|297.67|593.66|120|345.97|350.37|696.34
4.36666666666667|120|200.16|205.96|406.12|120|243.45|248.06|491.51|120|296.40|297.63|594.03|120|346.02|351.21|697.23
4.38333333333333|120|200.79|206.18|406.97|120|242.86|248.43|491.29|120|296.18|298.00|594.17|120|347.93|351.59|699.52
4.40000000000000|120|201.25|205.93|407.18|120|243.43|248.41|491.83|120|296.61|298.12|594.73|120|348.06|352.36|700.42
4.41666666666667|120|201.46|206.16|407.62|120|244.32|248.58|492.90|120|296.73|298.33|595.07|120|348.88|352.57|701.45
4.43333333333333|120|201.60|206.11|407.71|120|244.23|249.40|493.63|120|296.48|298.74|595.23|120|348.43|352.55|700.98
4.45000000000000|120|202.32|207.30|409.62|120|245.15|248.96|494.11|120|297.57|299.16|596.73|120|349.75|353.52|703.27
4.46666666666667|120|202.32|206.72|409.05|120|246.21|249.88|496.09|120|297.27|299.82|597.10|120|350.33|353.25|703.58
4.48333333333333|120|202.74|207.22|409.97|120|245.77|249.69|495.46|120|298.07|299.68|597.75|120|351.00|353.78|704.78
4.50000000000000|120|202.34|206.99|409.33|120|245.82|249.91|495.73|120|297.80|299.69|597.49|120|351.57|354.09|705.66
4.51666666666667|120|203.61|206.74|410.35|120|246.24|250.37|496.61|120|297.54|299.95|597.49|120|351.90|354.80|706.70
4.53333333333333|120|203.70|207.47|411.18|120|247.87|250.95|498.82|120|298.26|300.53|598.79|120|352.70|354.68|707.37
4.55000000000000|120|204.10|207.43|411.52|120|247.26|251.05|498.31|120|298.82|300.02|598.84|120|352.93|355.55|708.48
4.56666666666667|120|204.23|207.19|411.43|120|247.93|251.29|499.22|120|299.01|300.93|599.93|120|353.43|355.23|708.66
4.58333333333333|120|203.89|207.62|411.51|120|248.22|250.57|498.78|120|300.01|300.92|600.92|120|354.32|356.43|710.75
4.60000000000000|120|204.75|207.75|412.50|120|248.21|252.13|500.34|120|298.86|301.12|599.98|120|354.62|356.85|711.48
4.61666666666667|120|204.87|208.62|413.49|120|248.95|251.91|500.86|120|300.07|301.18|601.26|120|354.77|357.05|711.83
4.63333333333333|120|205.39|207.82|413.22|120|249.38|252.30|501.68|120|300.37|301.65|602.02|120|355.36|356.48|711.84
4.65000000000000|120|204.81|208.78|413.58|120|249.53|251.89|501.43|120|300.14|301.13|601.27|120|355.61|357.24|712.85
4.66666666666667|120|204.94|207.55|412.49|120|250.13|252.64|502.77|120|301.11|301.72|602.83|120|357.05|357.63|714.68
4.68333333333333|120|205.53|207.79|413.32|120|249.86|252.48|502.34|120|301.22|302.30|603.52|120|357.12|357.98|715.09
4.70000000000000|120|206.32|208.29|414.61|120|250.74|252.44|503.18|120|301.53|302.49|604.02|120|357.59|357.83|715.42
4.71666666666667|120|206.91|209.01|415.92|120|250.93|252.54|503.48|120|301.57|302.69|604.27|120|357.48|358.24|715.72
4.73333333333333|120|206.15|208.28|414.43|120|251.81|252.93|504.73|120|301.68|302.39|604.07|120|358.11|358.27|716.38
4.75000000000000|120|206.64|208.88|415.52|120|251.82|252.61|504.43|120|302.23|303.10|605.33|120|357.98|358.94|716.92
4.76666666666667|120|206.68|209.12|415.81|120|251.62|252.89|504.51|120|302.53|303.12|605.66|120|358.81|359.73|718.53
4.78333333333333|120|206.86|208.87|415.73|120|252.17|253.32|505.48|120|302.82|303.68|606.51|120|359.41|359.16|718.57
4.80000000000000|120|207.11|208.98|416.09|120|252.33|253.33|505.67|120|303.11|303.93|607.04|120|359.83|359.73|719.56
4.81666666666667|120|207.20|209.34|416.54|120|252.73|254.23|506.97|120|303.34|304.11|607.45|120|359.55|360.14|719.69
4.83333333333333|120|206.68|208.53|415.21|120|252.42|253.62|506.03|120|303.78|304.48|608.26|120|360.23|360.18|720.41
4.85000000000000|120|208.24|208.86|417.10|120|252.75|254.07|506.82|120|304.27|304.32|608.59|120|360.12|360.36|720.48
4.86666666666667|120|207.59|209.75|417.34|120|253.49|253.92|507.41|120|304.00|304.37|608.37|120|360.46|361.02|721.48
4.88333333333333|120|208.12|209.48|417.61|120|252.95|254.15|507.10|120|304.95|304.87|609.82|120|360.89|360.55|721.44
4.90000000000000|120|207.77|210.15|417.92|120|254.03|254.00|508.02|120|304.58|304.86|609.44|120|361.27|361.32|722.59
4.91666666666667|120|207.97|209.30|417.27|120|253.43|254.54|507.98|120|305.06|304.97|610.02|120|361.87|360.87|722.74
4.93333333333333|120|209.07|209.61|418.68|120|254.12|254.24|508.37|120|305.12|305.43|610.55|120|362.05|362.08|724.13
4.95000000000000|120|208.41|209.91|418.32|120|253.96|254.63|508.59|120|305.04|305.58|610.62|120|362.23|361.98|724.20
4.96666666666667|120|208.32|209.98|418.31|120|253.38|254.72|508.10|120|305.44|305.92|611.36|120|362.10|362.22|724.32
4.98333333333333|120|208.35|210.28|418.62|120|253.42|254.65|508.07|120|305.47|306.00|611.47|120|361.85|362.00|723.85
5.00000000000000|120|209.04|210.53|419.57|120|254.59|255.03|509.62|120|306.81|306.64|613.45|120|363.10|362.57|725.67
5.01666666666667|120|208.69|210.51|419.20|120|254.43|254.65|509.07|120|307.05|306.43|613.48|120|363.03|362.40|725.43
5.03333333333333|120|208.73|210.25|418.98|120|254.62|255.25|509.87|120|306.30|307.02|613.33|120|363.12|363.13|726.26
5.05000000000000|120|208.36|210.30|418.66|120|254.43|255.19|509.62|120|306.99|306.87|613.87|120|363.71|363.35|727.06
5.06666666666667|120|209.97|210.82|420.80|120|254.84|255.39|510.23|120|307.31|306.96|614.27|120|364.17|363.85|728.02
5.08333333333333|120|209.63|211.52|421.15|120|254.86|255.41|510.27|120|307.52|307.02|614.54|120|363.96|363.48|727.44
5.10000000000000|120|209.39|211.82|421.22|120|254.59|255.35|509.94|120|307.71|306.97|614.67|120|364.57|363.63|728.20
5.11666666666667|120|209.92|210.74|420.66|120|254.53|255.17|509.70|120|308.12|307.32|615.45|120|364.48|363.25|727.73
5.13333333333333|120|209.39|210.85|420.24|120|255.12|255.20|510.32|120|307.99|307.87|615.86|120|365.35|364.47|729.82
5.15000000000000|120|209.59|211.29|420.88|120|255.03|255.55|510.57|120|308.19|307.32|615.51|120|365.37|364.02|729.39
5.16666666666667|120|209.93|211.57|421.50|120|255.10|255.71|510.81|120|308.96|307.07|616.02|120|365.92|364.49|730.41
5.18333333333333|120|210.66|211.47|422.12|120|255.32|255.74|511.06|120|308.98|308.25|617.23|120|365.61|364.52|730.12
5.20000000000000|120|210.43|211.57|422.01|120|255.39|255.28|510.68|120|309.27|308.11|617.37|120|365.81|364.05|729.86
5.21666666666667|120|210.49|211.53|422.02|120|255.78|255.85|511.62|120|309.42|308.37|617.78|120|366.23|364.83|731.06
5.23333333333333|120|210.12|211.36|421.48|120|256.00|255.80|511.80|120|309.57|308.62|618.19|120|366.74|365.13|731.87
5.25000000000000|120|210.90|211.26|422.16|120|255.93|256.02|511.95|120|309.82|308.48|618.30|120|366.68|365.05|731.73
5.26666666666667|120|211.17|212.39|423.56|120|255.78|256.09|511.87|120|310.09|308.65|618.74|120|367.36|366.06|733.42
5.28333333333333|120|211.37|212.27|423.64|120|255.77|255.86|511.62|120|310.53|308.87|619.41|120|367.76|365.66|733.42
5.30000000000000|120|210.95|212.36|423.31|120|256.30|256.27|512.57|120|310.81|309.24|620.05|120|367.70|365.87|733.57
5.31666666666667|120|210.04|211.72|421.77|120|255.84|256.02|511.87|120|310.45|309.57|620.02|120|368.37|366.18|734.55
5.33333333333333|120|211.47|211.70|423.17|120|256.23|255.88|512.11|120|310.72|309.87|620.59|120|368.20|366.48|734.68
5.35000000000000|120|211.32|212.38|423.70|120|256.04|256.34|512.38|120|311.15|309.81|620.96|120|368.80|366.43|735.23
5.36666666666667|120|211.82|212.28|424.11|120|256.57|255.91|512.48|120|311.62|309.32|620.94|120|369.33|366.71|736.04
5.38333333333333|120|211.26|211.49|422.75|120|256.65|256.37|513.02|120|311.32|309.32|620.64|120|369.80|366.90|736.70
5.40000000000000|120|211.53|211.79|423.32|120|256.48|256.00|512.48|120|311.34|310.08|621.42|120|370.26|366.77|737.03
5.41666666666667|120|212.36|211.77|424.12|120|256.88|256.07|512.95|120|311.99|310.70|622.69|120|369.92|367.07|736.99
5.43333333333333|120|212.97|212.53|425.50|120|257.03|256.23|513.27|120|312.18|310.81|622.98|120|370.69|367.27|737.96
5.45000000000000|120|212.00|212.03|424.02|120|256.91|255.82|512.73|120|312.72|309.87|622.58|120|370.77|367.31|738.08
5.46666666666667|120|212.02|212.57|424.58|120|256.88|256.82|513.71|120|312.57|310.89|623.47|120|371.18|367.46|738.63
5.48333333333333|120|212.46|211.95|424.41|120|257.29|255.96|513.25|120|312.62|310.50|623.12|120|371.48|367.48|738.95
5.50000000000000|120|213.18|212.13|425.32|120|257.75|256.07|513.82|120|313.41|311.10|624.51|120|371.85|367.93|739.78
5.51666666666667|120|212.97|212.62|425.59|120|257.29|256.23|513.52|120|313.07|310.63|623.70|120|372.00|367.95|739.95
5.53333333333333|120|213.37|211.62|424.99|120|257.90|256.18|514.08|120|313.37|310.99|624.36|120|372.37|368.17|740.54
5.55000000000000|120|213.18|212.72|425.90|120|257.94|256.68|514.62|120|313.76|311.32|625.08|120|372.62|369.01|741.62
5.56666666666667|120|213.47|212.16|425.62|120|257.55|256.89|514.44|120|314.21|311.01|625.22|120|373.69|368.39|742.08
5.58333333333333|120|213.21|212.16|425.37|120|257.69|256.77|514.47|120|313.87|311.18|625.05|120|373.37|368.95|742.32
5.60000000000000|120|214.47|212.63|427.10|120|258.17|257.07|515.24|120|313.76|312.18|625.93|120|373.98|368.36|742.34
5.61666666666667|120|214.45|212.97|427.42|120|258.29|256.50|514.79|120|315.50|311.82|627.32|120|374.32|369.53|743.86
5.63333333333333|120|214.18|212.62|426.81|120|258.29|256.72|515.01|120|314.99|311.98|626.97|120|374.58|369.42|744.00
5.65000000000000|120|214.64|213.02|427.66|120|258.48|256.44|514.92|120|315.15|312.29|627.44|120|374.82|369.60|744.42
5.66666666666667|120|214.97|213.47|428.44|120|259.07|257.19|516.26|120|315.94|312.56|628.50|120|375.48|369.91|745.39
5.68333333333333|120|214.78|212.83|427.61|120|259.46|257.63|517.09|120|315.54|312.12|627.66|120|375.57|370.01|745.58
5.70000000000000|120|215.69|212.84|428.53|120|258.93|256.94|515.87|120|316.21|312.43|628.63|120|375.93|370.31|746.24
5.71666666666667|120|215.19|213.34|428.53|120|259.32|257.06|516.38|120|316.02|312.46|628.48|120|376.44|370.68|747.12
5.73333333333333|120|215.28|212.76|428.04|120|259.69|257.72|517.41|120|316.22|312.41|628.62|120|376.25|370.44|746.69
5.75000000000000|120|215.42|213.18|428.59|120|259.56|257.26|516.82|120|316.38|312.86|629.24|120|376.88|371.18|748.06
5.76666666666667|120|216.21|212.63|428.84|120|260.23|257.72|517.95|120|316.53|313.39|629.92|120|376.62|371.11|747.73
5.78333333333333|120|215.41|213.87|429.27|120|259.68|257.54|517.22|120|316.58|313.48|630.07|120|377.57|371.39|748.96
5.80000000000000|120|215.97|213.86|429.83|120|259.66|258.12|517.78|120|317.21|313.68|630.88|120|377.64|372.03|749.67
5.81666666666667|120|215.97|214.10|430.07|120|260.05|257.68|517.73|120|317.45|314.07|631.52|120|377.59|371.29|748.88
5.83333333333333|120|215.88|213.16|429.04|120|260.45|257.87|518.33|120|317.64|313.68|631.32|120|377.65|372.14|749.79
5.85000000000000|120|216.14|213.62|429.77|120|259.93|257.70|517.63|120|317.61|314.23|631.83|120|378.06|372.02|750.08
5.86666666666667|120|216.47|213.61|430.07|120|261.25|258.08|519.33|120|317.37|314.02|631.39|120|378.77|372.22|750.99
5.88333333333333|120|216.57|214.26|430.82|120|260.74|258.05|518.79|120|317.99|313.40|631.39|120|378.72|372.27|750.98
5.90000000000000|120|217.47|214.36|431.83|120|260.74|257.88|518.62|120|318.18|314.52|632.69|120|379.14|372.83|751.98
5.91666666666667|120|217.39|213.76|431.15|120|261.11|258.00|519.11|120|318.13|314.98|633.12|120|379.36|373.24|752.60
5.93333333333333|120|217.12|214.54|431.66|120|261.32|259.17|520.49|120|318.59|314.44|633.03|120|379.70|373.38|753.08
5.95000000000000|120|217.08|213.58|430.67|120|261.13|258.13|519.27|120|319.15|314.65|633.80|120|379.81|373.63|753.44
5.96666666666667|120|217.08|213.73|430.82|120|261.18|258.07|519.24|120|318.73|314.52|633.24|120|379.86|373.21|753.07
5.98333333333333|120|216.68|214.33|431.02|120|261.62|258.57|520.18|120|319.23|315.15|634.38|120|380.18|373.21|753.38
6.00000000000000|120|217.61|214.46|432.07|120|261.53|258.32|519.85|120|319.29|314.82|634.12|120|380.07|374.34|754.42
6.01666666666667|120|217.53|214.31|431.84|120|261.43|258.35|519.78|120|319.42|315.25|634.67|120|380.62|373.70|754.32
6.03333333333333|120|217.28|214.56|431.84|120|262.19|259.04|521.23|120|319.12|315.10|634.22|120|380.97|374.11|755.08
6.05000000000000|120|217.87|215.11|432.98|120|262.57|258.83|521.41|120|320.14|315.33|635.48|120|380.70|374.42|755.12
6.06666666666667|120|218.03|214.92|432.94|120|262.69|260.07|522.76|120|319.91|316.55|636.46|120|381.39|375.03|756.42
6.08333333333333|120|218.26|215.62|433.88|120|262.29|258.98|521.27|120|320.14|315.47|635.61|120|381.69|375.12|756.82
6.10000000000000|120|217.62|215.26|432.87|120|262.50|259.68|522.17|120|320.26|316.12|636.37|120|381.98|374.89|756.87
6.11666666666667|120|218.85|215.06|433.91|120|262.27|258.91|521.17|120|320.17|316.07|636.24|120|382.93|375.20|758.12
6.13333333333333|120|218.18|214.97|433.16|120|263.33|259.82|523.15|120|320.46|316.57|637.03|120|382.64|376.17|758.81
6.15000000000000|120|219.20|214.81|434.01|120|263.55|259.06|522.61|120|320.94|316.34|637.28|120|383.27|376.02|759.29
6.16666666666667|120|219.61|215.88|435.49|120|263.05|259.40|522.45|120|321.71|316.32|638.02|120|382.93|375.75|758.68
6.18333333333333|120|218.52|215.85|434.37|120|263.08|259.57|522.66|120|321.46|316.57|638.02|120|383.12|376.32|759.43
6.20000000000000|120|219.02|216.02|435.03|120|263.28|260.06|523.34|120|321.79|316.72|638.51|120|383.27|376.43|759.70
6.21666666666667|120|218.35|216.68|435.02|120|263.98|260.03|524.01|120|321.18|316.96|638.13|120|383.81|376.51|760.32
6.23333333333333|120|219.08|215.51|434.59|120|263.34|260.32|523.67|120|321.94|316.81|638.75|120|384.27|377.09|761.36
6.25000000000000|120|219.93|215.93|435.86|120|263.95|260.73|524.67|120|321.63|316.95|638.58|120|384.68|376.73|761.41
6.26666666666667|120|218.53|215.47|433.99|120|263.73|260.63|524.37|120|321.62|317.39|639.01|120|384.43|376.98|761.40
6.28333333333333|120|219.07|216.00|435.07|120|264.12|260.26|524.37|120|321.84|317.07|638.92|120|384.16|377.41|761.57
6.30000000000000|120|218.82|216.37|435.19|120|263.93|261.15|525.08|120|321.95|318.19|640.14|120|385.26|377.73|762.99
6.31666666666667|120|218.95|216.37|435.32|120|264.32|260.77|525.08|120|321.77|318.30|640.08|120|385.44|377.51|762.95
6.33333333333333|120|218.52|215.62|434.14|120|264.52|261.02|525.55|120|322.12|317.99|640.12|120|385.63|377.50|763.13
6.35000000000000|120|219.38|216.66|436.04|120|264.51|261.23|525.73|120|322.60|318.57|641.17|120|385.07|378.01|763.08
6.36666666666667|120|219.43|216.79|436.22|120|263.87|261.02|524.89|120|322.42|318.48|640.90|120|385.82|378.17|763.99
6.38333333333333|120|219.44|217.50|436.94|120|264.70|260.99|525.69|120|322.79|318.54|641.33|120|386.46|379.00|765.46
6.40000000000000|120|218.79|216.72|435.51|120|264.91|261.43|526.34|120|322.46|318.39|640.85|120|386.58|377.89|764.48
6.41666666666667|120|218.74|217.57|436.32|120|264.48|261.70|526.18|120|322.99|318.45|641.44|120|386.68|378.99|765.67
6.43333333333333|120|219.41|217.52|436.93|120|265.29|261.88|527.17|120|322.75|318.31|641.06|120|386.75|379.49|766.24
6.45000000000000|120|219.66|217.32|436.98|120|264.47|261.80|526.27|120|323.51|318.68|642.19|120|387.10|379.39|766.49
6.46666666666667|120|219.62|217.81|437.43|120|265.31|261.74|527.05|120|322.94|318.91|641.85|120|387.12|379.51|766.63
6.48333333333333|120|219.37|217.71|437.08|120|265.12|260.98|526.09|120|322.87|319.28|642.15|120|387.69|378.98|766.67
6.50000000000000|120|220.36|218.07|438.43|120|265.50|261.77|527.27|120|323.41|318.98|642.38|120|387.45|379.87|767.32
6.51666666666667|120|219.72|217.93|437.65|120|264.33|262.41|526.74|120|323.91|319.14|643.05|120|387.42|379.86|767.27
6.53333333333333|120|219.68|217.63|437.32|120|265.17|261.65|526.82|120|323.44|319.23|642.67|120|387.86|380.10|767.96
6.55000000000000|120|219.91|218.22|438.13|120|265.73|262.07|527.80|120|324.05|319.89|643.94|120|387.90|380.08|767.98
6.56666666666667|120|219.60|217.96|437.56|120|265.86|261.89|527.75|120|323.88|319.41|643.29|120|388.17|380.93|769.09
6.58333333333333|120|220.64|218.28|438.92|120|266.11|262.58|528.69|120|323.63|320.01|643.64|120|387.98|380.71|768.69
6.60000000000000|120|219.71|217.40|437.11|120|265.99|263.03|529.02|120|324.02|319.58|643.60|120|388.88|380.40|769.28
6.61666666666667|120|220.38|218.47|438.86|120|266.17|262.56|528.73|120|324.34|319.48|643.82|120|389.01|380.26|769.27
6.63333333333333|120|220.11|218.44|438.55|120|265.94|262.20|528.14|120|324.34|319.92|644.26|120|389.17|380.55|769.72
6.65000000000000|120|220.24|218.69|438.93|120|266.61|263.29|529.90|120|324.29|320.21|644.50|120|389.74|380.52|770.27
6.66666666666667|120|220.23|218.37|438.60|120|266.48|262.55|529.02|120|325.07|320.24|645.32|120|389.25|380.96|770.21
6.68333333333333|120|219.86|218.55|438.41|120|266.60|262.70|529.30|120|325.35|319.68|645.02|120|389.79|381.18|770.98
6.70000000000000|120|220.18|219.57|439.74|120|266.53|263.09|529.62|120|324.95|320.48|645.42|120|389.88|380.57|770.45
6.71666666666667|120|220.69|218.70|439.39|120|266.90|263.22|530.12|120|325.54|321.13|646.67|120|390.01|381.63|771.64
6.73333333333333|120|220.57|218.99|439.57|120|266.64|263.11|529.75|120|325.09|320.29|645.38|120|390.26|381.87|772.13
6.75000000000000|120|220.88|218.53|439.41|120|267.58|263.96|531.54|120|325.20|320.78|645.98|120|390.23|380.72|770.94
6.76666666666667|120|221.23|219.62|440.85|120|266.72|262.81|529.52|120|326.18|320.56|646.73|120|390.67|381.37|772.04
6.78333333333333|120|221.46|218.34|439.80|120|267.08|263.27|530.36|120|325.58|321.03|646.62|120|390.77|381.59|772.37
6.80000000000000|120|220.67|218.37|439.04|120|267.25|263.67|530.92|120|325.69|321.05|646.74|120|390.15|381.99|772.14
6.81666666666667|120|221.02|218.18|439.20|120|267.57|263.97|531.53|120|326.14|320.86|647.00|120|391.35|382.33|773.68
6.83333333333333|120|221.71|219.33|441.04|120|267.19|263.68|530.87|120|326.30|321.82|648.12|120|391.46|382.32|773.78
6.85000000000000|120|220.86|219.37|440.23|120|267.73|264.43|532.15|120|326.52|321.15|647.67|120|391.51|382.32|773.83
6.86666666666667|120|220.99|219.74|440.73|120|267.49|263.81|531.30|120|326.65|321.15|647.80|120|391.77|382.62|774.39
6.88333333333333|120|221.18|219.35|440.52|120|267.59|264.18|531.77|120|326.85|320.65|647.50|120|392.12|382.93|775.05
6.90000000000000|120|221.37|219.64|441.01|120|267.72|264.18|531.89|120|326.57|321.72|648.29|120|392.09|382.62|774.71
6.91666666666667|120|220.94|219.51|440.45|120|268.17|263.93|532.10|120|327.28|321.49|648.77|120|392.59|382.65|775.24
6.93333333333333|120|220.99|218.88|439.87|120|267.87|263.96|531.83|120|327.10|321.90|649.00|120|392.57|383.50|776.07
6.95000000000000|120|220.73|220.30|441.03|120|267.71|264.02|531.73|120|327.25|322.19|649.44|120|392.32|383.09|775.41
6.96666666666667|120|221.61|219.38|440.99|120|268.10|264.68|532.78|120|326.97|322.05|649.02|120|393.51|383.47|776.98
6.98333333333333|120|221.05|219.37|440.42|120|268.33|264.86|533.19|120|327.19|322.37|649.56|120|392.93|384.27|777.19
7.00000000000000|120|221.67|220.03|441.70|120|268.07|264.93|533.00|120|327.35|322.38|649.73|120|392.98|383.87|776.84
7.01666666666667|120|221.64|220.51|442.15|120|267.76|265.62|533.38|120|327.42|321.87|649.29|120|393.93|384.42|778.34
7.03333333333333|120|221.23|220.31|441.54|120|267.82|265.77|533.58|120|327.63|323.24|650.87|120|393.78|384.56|778.34
7.05000000000000|120|221.67|219.99|441.66|120|268.55|265.34|533.89|120|328.07|323.36|651.42|120|393.90|384.88|778.78
7.06666666666667|120|220.91|220.73|441.64|120|267.70|265.98|533.68|120|328.33|322.81|651.14|120|393.64|384.54|778.18
7.08333333333333|120|221.16|220.54|441.70|120|268.87|266.17|535.03|120|328.00|323.52|651.52|120|394.23|384.90|779.13
7.10000000000000|120|221.41|220.48|441.89|120|268.87|265.81|534.67|120|328.23|323.12|651.35|120|395.05|384.27|779.32
7.11666666666667|120|221.87|219.97|441.85|120|267.89|266.21|534.10|120|328.07|323.78|651.85|120|394.98|385.15|780.13
7.13333333333333|120|221.90|221.18|443.08|120|268.88|266.05|534.93|120|329.14|323.86|653.00|120|395.23|385.02|780.26
